Matrix_1_1,Matrix_1_2,Matrix_1_3,Matrix_1_4,Matrix_2_1,Matrix_2_2,Matrix_2_3,Matrix_2_4,Matrix_3_1,Matrix_3_2,Matrix_3_3,Matrix_3_4
0.9978735677696562,0.04956524029350571,0.04232764700883247,-0.34730116093007146,-0.04938973294116888,0.9987661353745773,-0.00518277039157144,-0.023677551561202617,-0.04253230568235519,0.0030811983997740366,0.9990903408550019,-0.07889551399805421
0.9987614549722692,0.02274321167928778,0.04425271047277333,-0.46968192363579897,-0.02282581046387103,0.9997385294065702,0.001362056039949525,0.009839841204283759,-0.04421016216146951,-0.002370473053977828,0.9990194404610738,0.15717599367475
0.9919744265965578,0.02854379793049568,0.12317462635678418,-1.2134059291053703,-0.03461011504943015,0.9982764858295063,0.0473940689976778,-0.29168798168512045,-0.12160952641423932,-0.051276792407427996,0.9912526487458735,0.5805415132977485
0.9286399919957187,0.009623033754615146,0.37085733441250557,-3.38523778663978,-0.018321002741430108,0.9996333436060645,0.0199378837770827,-0.1863483655832012,-0.3705294942710229,-0.02530959447161263,0.9284758038327884,1.7809176341300728
0.8947435408686494,-0.018998747739107088,0.44617602317715066,-4.064181938030603,0.02582631271397153,0.999623872482261,-0.009225786425474766,0.04459195665530222,-0.44583292570808597,0.019777794313676513,0.8948976708018935,2.1861410275638606
