Matrix_1_1,Matrix_1_2,Matrix_1_3,Matrix_1_4,Matrix_2_1,Matrix_2_2,Matrix_2_3,Matrix_2_4,Matrix_3_1,Matrix_3_2,Matrix_3_3,Matrix_3_4
0.9693517128311311,-0.24563158522504974,-0.004730874251288211,0.1230367267660432,0.24560709475908926,0.9684358568285539,0.04253405944351303,0.21374284748030867,-0.005866160188072162,-0.042392399655759985,0.9990838166120369,-0.941459254298716
0.9747490192069266,-0.22314712291068936,0.008349316847289583,-0.09966989605091715,0.2227204401912479,0.9742247456500894,0.035801543039867385,0.08226769249094827,-0.01612312240701231,-0.03303795544068077,0.9993240407516213,-0.14755483866656255
0.7104631369897675,-0.7029881273249271,0.03240098484384461,-1.1368150176437217,0.7030225942414982,0.7110621579164611,0.012240897235896336,0.005229755272388508,-0.031644319626322345,0.01408191817111482,0.9993999883009852,1.9542208427592793
-0.4012760460682814,0.7599403688846006,0.5113395844166023,-2.505600257557662,0.9064339602018138,0.2491726095826009,0.34101390943281606,-0.9165400722508371,0.13173841749718643,0.6003362777421779,-0.7888227576471178,7.009828433643282
-0.431621417443633,0.749567579475663,0.5018479807700186,-2.391227398910028,0.8936195168362763,0.2793992163150385,0.3512552306398337,-0.8798276075487951,0.1230736004724382,0.6000704306342202,-0.790422903985716,6.702101974702542
-0.3972335745406842,0.7685894203641993,0.501473618610047,-2.387259999507718,0.9072660027348395,0.24666107232555579,0.3406269450304151,-0.8873223267847614,0.1381082457320238,0.5902784243926176,-0.795297110618033,6.861921919763022
